<?xml version="1.0" encoding="UTF-8"?>
<definitions xmlns="http://www.omg.org/spec/BPMN/20100524/MODEL" xmlns:xsi="http://www.w3.org/2001/XMLSchema-instance" xmlns:activiti="http://activiti.org/bpmn" xmlns:bpmndi="http://www.omg.org/spec/BPMN/20100524/DI" xmlns:omgdc="http://www.omg.org/spec/DD/20100524/DC" xmlns:omgdi="http://www.omg.org/spec/DD/20100524/DI" typeLanguage="http://www.w3.org/2001/XMLSchema" expressionLanguage="http://www.w3.org/1999/XPath" targetNamespace="http://www.activiti.org/test">
  <process id="WorkFlowTest" name="WorkFlowTest">
    <documentation>Place documentation for the 'WorkFlowTest' process here.</documentation>
    <startEvent id="startevent1" name="启动流程"></startEvent>
    <endEvent id="endevent1" name="结束流程"></endEvent>
    <userTask id="usertask1" name="项目经理审核" activiti:candidateUsers="66" activiti:formKey="workFlow.form"></userTask>
    <sequenceFlow id="flow1" name="to 启动流程" sourceRef="startevent1" targetRef="usertask1"></sequenceFlow>
    <userTask id="usertask2" name="部门经理审核" activiti:candidateUsers="61"></userTask>
    <sequenceFlow id="flow2" name="to 部门经理" sourceRef="usertask1" targetRef="usertask2"></sequenceFlow>
    <userTask id="usertask3" name="总经理审核" activiti:candidateUsers="62"></userTask>
    <sequenceFlow id="flow3" name="to 总经理审核" sourceRef="usertask2" targetRef="usertask3"></sequenceFlow>
    <sequenceFlow id="flow4" name="to 结束流程" sourceRef="usertask3" targetRef="endevent1"></sequenceFlow>
  </process>
  <bpmndi:BPMNDiagram id="BPMNDiagram_WorkFlowTest">
    <bpmndi:BPMNPlane bpmnElement="WorkFlowTest" id="BPMNPlane_WorkFlowTest">
      <bpmndi:BPMNShape bpmnElement="startevent1" id="BPMNShape_startevent1">
        <omgdc:Bounds height="35" width="35" x="112" y="20"></omgdc:Bounds>
      </bpmndi:BPMNShape>
      <bpmndi:BPMNShape bpmnElement="endevent1" id="BPMNShape_endevent1">
        <omgdc:Bounds height="35" width="35" x="555" y="240"></omgdc:Bounds>
      </bpmndi:BPMNShape>
      <bpmndi:BPMNShape bpmnElement="usertask1" id="BPMNShape_usertask1">
        <omgdc:Bounds height="55" width="105" x="77" y="110"></omgdc:Bounds>
      </bpmndi:BPMNShape>
      <bpmndi:BPMNShape bpmnElement="usertask2" id="BPMNShape_usertask2">
        <omgdc:Bounds height="55" width="105" x="300" y="110"></omgdc:Bounds>
      </bpmndi:BPMNShape>
      <bpmndi:BPMNShape bpmnElement="usertask3" id="BPMNShape_usertask3">
        <omgdc:Bounds height="55" width="105" x="520" y="110"></omgdc:Bounds>
      </bpmndi:BPMNShape>
      <bpmndi:BPMNEdge bpmnElement="flow1" id="BPMNEdge_flow1">
        <omgdi:waypoint x="129" y="55"></omgdi:waypoint>
        <omgdi:waypoint x="129" y="110"></omgdi:waypoint>
      </bpmndi:BPMNEdge>
      <bpmndi:BPMNEdge bpmnElement="flow2" id="BPMNEdge_flow2">
        <omgdi:waypoint x="182" y="137"></omgdi:waypoint>
        <omgdi:waypoint x="300" y="137"></omgdi:waypoint>
      </bpmndi:BPMNEdge>
      <bpmndi:BPMNEdge bpmnElement="flow3" id="BPMNEdge_flow3">
        <omgdi:waypoint x="405" y="137"></omgdi:waypoint>
        <omgdi:waypoint x="520" y="137"></omgdi:waypoint>
      </bpmndi:BPMNEdge>
      <bpmndi:BPMNEdge bpmnElement="flow4" id="BPMNEdge_flow4">
        <omgdi:waypoint x="572" y="165"></omgdi:waypoint>
        <omgdi:waypoint x="572" y="240"></omgdi:waypoint>
      </bpmndi:BPMNEdge>
    </bpmndi:BPMNPlane>
  </bpmndi:BPMNDiagram>
</definitions>