<?xml version="1.0" encoding="UTF-8"?>
<definitions xmlns="http://www.omg.org/spec/BPMN/20100524/MODEL" xmlns:xsi="http://www.w3.org/2001/XMLSchema-instance" xmlns:activiti="http://activiti.org/bpmn" xmlns:bpmndi="http://www.omg.org/spec/BPMN/20100524/DI" xmlns:omgdc="http://www.omg.org/spec/DD/20100524/DC" xmlns:omgdi="http://www.omg.org/spec/DD/20100524/DI" typeLanguage="http://www.w3.org/2001/XMLSchema" expressionLanguage="http://www.w3.org/1999/XPath" targetNamespace="http://www.activiti.org/test">
  <process id="TrainingTest" name="TrainingTest">
    <documentation>Place documentation for the 'TrainingTest' process here.</documentation>
    <startEvent id="startevent1" name="Start"></startEvent>
    <userTask id="usertask1" name="部门经理审批" activiti:candidateGroups="7"></userTask>
    <sequenceFlow id="flow1" name="to 部门经理审批" sourceRef="startevent1" targetRef="usertask1">
      <conditionExpression xsi:type="tFormalExpression"><![CDATA[${iscorrect == true}]]></conditionExpression>
    </sequenceFlow>
    <userTask id="usertask2" name="总经理审批" activiti:candidateUsers="binfeng"></userTask>
    <sequenceFlow id="flow2" name="to 总经理审批" sourceRef="usertask1" targetRef="usertask2">
      <conditionExpression xsi:type="tFormalExpression"><![CDATA[${iscorrect == true}]]></conditionExpression>
    </sequenceFlow>
    <endEvent id="endevent1" name="审批通过"></endEvent>
    <sequenceFlow id="flow3" name="to 审批通过" sourceRef="usertask2" targetRef="endevent1">
      <conditionExpression xsi:type="tFormalExpression"><![CDATA[${iscorrect == true}]]></conditionExpression>
    </sequenceFlow>
    <endEvent id="endevent2" name="审批未通过"></endEvent>
    <sequenceFlow id="flow4" name="部门经理审批未通过" sourceRef="usertask1" targetRef="endevent2">
      <conditionExpression xsi:type="tFormalExpression"><![CDATA[${iscorrect == false}]]></conditionExpression>
    </sequenceFlow>
    <sequenceFlow id="flow5" name="总经理审批未通过" sourceRef="usertask2" targetRef="endevent2">
      <conditionExpression xsi:type="tFormalExpression"><![CDATA[${iscorrect == false}]]></conditionExpression>
    </sequenceFlow>
  </process>
  <bpmndi:BPMNDiagram id="BPMNDiagram_TrainingTest">
    <bpmndi:BPMNPlane bpmnElement="TrainingTest" id="BPMNPlane_TrainingTest">
      <bpmndi:BPMNShape bpmnElement="startevent1" id="BPMNShape_startevent1">
        <omgdc:Bounds height="35" width="35" x="190" y="20"></omgdc:Bounds>
      </bpmndi:BPMNShape>
      <bpmndi:BPMNShape bpmnElement="usertask1" id="BPMNShape_usertask1">
        <omgdc:Bounds height="55" width="105" x="155" y="110"></omgdc:Bounds>
      </bpmndi:BPMNShape>
      <bpmndi:BPMNShape bpmnElement="usertask2" id="BPMNShape_usertask2">
        <omgdc:Bounds height="55" width="105" x="155" y="210"></omgdc:Bounds>
      </bpmndi:BPMNShape>
      <bpmndi:BPMNShape bpmnElement="endevent1" id="BPMNShape_endevent1">
        <omgdc:Bounds height="35" width="35" x="190" y="330"></omgdc:Bounds>
      </bpmndi:BPMNShape>
      <bpmndi:BPMNShape bpmnElement="endevent2" id="BPMNShape_endevent2">
        <omgdc:Bounds height="35" width="35" x="360" y="169"></omgdc:Bounds>
      </bpmndi:BPMNShape>
      <bpmndi:BPMNEdge bpmnElement="flow1" id="BPMNEdge_flow1">
        <omgdi:waypoint x="207" y="55"></omgdi:waypoint>
        <omgdi:waypoint x="207" y="110"></omgdi:waypoint>
      </bpmndi:BPMNEdge>
      <bpmndi:BPMNEdge bpmnElement="flow2" id="BPMNEdge_flow2">
        <omgdi:waypoint x="207" y="165"></omgdi:waypoint>
        <omgdi:waypoint x="207" y="210"></omgdi:waypoint>
      </bpmndi:BPMNEdge>
      <bpmndi:BPMNEdge bpmnElement="flow3" id="BPMNEdge_flow3">
        <omgdi:waypoint x="207" y="265"></omgdi:waypoint>
        <omgdi:waypoint x="207" y="330"></omgdi:waypoint>
      </bpmndi:BPMNEdge>
      <bpmndi:BPMNEdge bpmnElement="flow4" id="BPMNEdge_flow4">
        <omgdi:waypoint x="260" y="137"></omgdi:waypoint>
        <omgdi:waypoint x="377" y="169"></omgdi:waypoint>
      </bpmndi:BPMNEdge>
      <bpmndi:BPMNEdge bpmnElement="flow5" id="BPMNEdge_flow5">
        <omgdi:waypoint x="260" y="237"></omgdi:waypoint>
        <omgdi:waypoint x="377" y="204"></omgdi:waypoint>
      </bpmndi:BPMNEdge>
    </bpmndi:BPMNPlane>
  </bpmndi:BPMNDiagram>
</definitions>